{"cameraMode":{"drawMode":0,"name":"Shaded","section":"Shading Mode"},"sceneLighting":false,"audioPlay":false,"sceneViewState":{"m_AlwaysRefresh":false,"showFog":true,"showSkybox":false,"showFlares":true,"showImageEffects":true,"showParticleSystems":true,"showVisualEffectGraphs":true,"m_FxEnabled":true},"in2DMode":false,"pivot":{"x":18.173255920410158,"y":29.38683319091797,"z":19.21863555908203},"rotation":{"x":-0.02532447688281536,"y":0.9471079111099243,"z":-0.07716788351535797,"w":-0.31053343415260317},"size":2.1073949337005617,"orthographic":false}